<source>
	<name>地质博物馆</name>
	<comment>快讯通报</comment>
	<link>http://www.gmc.org.cn/news/2</link>

	<worker>html_re</worker>
	<data>
		<url>http://www.gmc.org.cn/news/2</url>
		<block>
			<blockre flags='DOTALL'>
<![CDATA[
<div class="list">
(.*?)
</ul>
]]>
			</blockre>
			<itemre flags='DOTALL'>
<![CDATA[
<li>.*?
href='([^']+)'>
(.*?)</a>
<span>(.*?)</span>
]]>
			</itemre>
			<maprules>
				<title>2</title>
				<url>'http://www.gmc.org.cn', 1</url>
				<pub_date>3</pub_date>
			</maprules>
		</block>
	</data>
</source>