<source>
	<name>国博</name>
	<comment>国博快讯</comment>
	<link>http://www.chnmuseum.cn/tabid/64/MoreModuleID/517/MoreTabID/40/Default.aspx</link>

	<worker>html_re</worker>
	<data>
		<url>http://www.chnmuseum.cn/tabid/64/MoreModuleID/517/MoreTabID/40/Default.aspx</url>
		<block>
			<blockre flags='DOTALL'>
<![CDATA[
ess_ctr410_ContentPane
(.*?)
<div class="pag">
]]>
			</blockre>
			<itemre flags='DOTALL'>
<![CDATA[
<tbody>.*?
href="([^"]+)".*?
title="([^"]+)".*?
align=middle>(.*?)</td>
]]>
			</itemre>
			<maprules>
				<title>2</title>
				<url>'http://www.chnmuseum.cn', 1</url>
				<pub_date>3</pub_date>
			</maprules>
		</block>
	</data>
</source>