<source>
	<name>军事博物馆</name>
	<comment>首页，资讯动态</comment>
	<link>http://www.jb.mil.cn/zxdt/</link>

	<worker>html_re</worker>
	<data>
		<url>http://www.jb.mil.cn/zxdt/</url>
		<block>
			<blockre flags='DOTALL'>
<![CDATA[
<div class="main">
(.*?)
</ul>
]]>
			</blockre>
			<itemre flags='DOTALL'>
<![CDATA[
<li.*?
<a href="([^"]+)">.*?
<h[\d]>(.*?)</h[\d]>\s*
<p>(.*?)</p>.*?
<span>([\d-]+)
]]>
			</itemre>
			<maprules>
				<title>2</title>
				<url urljoin='true'>1</url>
                <summary>3</summary>
				<pub_date>4</pub_date>
			</maprules>
		</block>
	</data>
</source>