<source>
	<name>首图</name>
	<comment>首都图书馆，首图快讯。</comment>
	<link>http://www.clcn.net.cn/modules/information/category.php?start=0&amp;id=1</link>

	<worker>html_re</worker>
	<data>
		<url>http://www.clcn.net.cn/modules/information/category.php?start=0&amp;id=1</url>
		<block>
			<blockre flags='DOTALL'>
<![CDATA[
<h3>首图快讯</h3>(.*?)</ul>
]]>
			</blockre>
			<itemre flags='DOTALL'>
<![CDATA[
<li.*?
<span class="fr">(.*?)</span>.*?
href="([^"]+)" title="([^"]+)"
]]>
			</itemre>
			<maprules>
				<title>3</title>
				<url>'http://www.clcn.net.cn/modules/information/', 2</url>
				<pub_date>1</pub_date>
				<suid>2</suid>
			</maprules>
		</block>
	</data>
</source>