<source>
	<name>园林博物馆</name>
	<comment>首页，要闻快报</comment>
	<link>http://www.gardensmuseum.cn/cn/index.aspx</link>

	<worker>html_re</worker>
	<data>
		<url>http://www.gardensmuseum.cn/cn/index.aspx</url>
		<block>
			<blockre flags='DOTALL'>
<![CDATA[
class="tabnewsimg">
(.*?)
</ul>
]]>
			</blockre>
			<itemre flags='DOTALL'>
<![CDATA[
<li.*?
href="([^"]+)">
(.*?)</span>
<span.*?>(.*?)</span>
]]>
			</itemre>
			<maprules>
				<title>2</title>
				<url>'http://www.gardensmuseum.cn/cn/', 1</url>
				<pub_date>3</pub_date>
			</maprules>
		</block>
	</data>
</source>