﻿<source>
	<name>Mtime时光网-新闻列表，父信息源</name>
	<comment>Mtime时光网-新闻列表</comment>
	<link>http://www.mtime.com/</link>

	<worker>html_re</worker>
	<data>
		<block>
			<blockre flags='DOTALL'>
<![CDATA[
<div class="details_nav">\s*<ul>(.*?)<div id="PageNavigator"
]]>
			</blockre>
			<itemre flags='DOTALL'>
<![CDATA[
<div class="(?:db_newscont)?">(?:(?!<div class="(?:db_newscont)?">).)*?
<h3><a href="(.*?)" target="_blank">
(.*?)</a>(?:(?!<div class="(?:db_newscont)?">).)*?
<span class="ml12">(.*?)</span>(?:(?!<div class="(?:db_newscont)?">).)*?
<p class="db_newsinfo">(.*?)</div>\s*</dd>
]]>
			</itemre>
			<maprules>
				<title>2</title>
				<url>1</url>
				<pub_date>3</pub_date>
                <summary>4</summary>
			</maprules>
		</block>
	</data>
</source>