﻿<source>
	<name>美剧贩</name>
	<comment>美剧贩</comment>
	<link>http://meijufans.com/</link>

	<worker>html_re</worker>
	<data>
		<url>http://meijufans.com/</url>
		<block>
			<blockre flags='DOTALL'>
<![CDATA[
<div class="row page_margin_top">
(.*?)
<h4 class="box_header">美剧新剧专题</h4>
]]>
			</blockre>
			<itemre flags='DOTALL'>
<![CDATA[
<li class="post">.*?
<div class="post_content">.*?
<a.*?href="([^"]+)".*?>(.*?)</a>.*?
<li class="date">.*?
<p>(.*?)(?:...\s*)?</p>
]]>
			</itemre>
			<maprules>
				<title>2</title>
				<url>'http://meijufans.com/', 1</url>
                <summary>3</summary>
                <suid>1</suid>
			</maprules>
		</block>
	</data>
</source>