﻿<source>
	<name>时光网头条</name>
	<comment>时光网，新闻头条</comment>
	<link>http://news.mtime.com/headlines/index.html#nav</link>

	<worker>html_re</worker>
	<data>
		<url>http://news.mtime.com/headlines/index.html#nav</url>
		<block>
			<blockre flags='DOTALL'>
<![CDATA[
<div id="newsRegion"(.{0,30000})
]]>
			</blockre>
			<itemre flags='DOTALL'>
<![CDATA[
<li>.*?
<h3>\s*<a href="([^"]+)".*?>
(.*?)</a>.*?
<span pubtime="([^"]+)".*?<p>
(.*?)</p>
]]>
			</itemre>
			<maprules>
				<title>2</title>
				<url>1</url>
				<pub_date>3</pub_date>
                <summary>4</summary>
			</maprules>
		</block>
	</data>
</source>