﻿<source>
	<name>科幻世界-资讯</name>
	<comment>科幻世界，资讯</comment>
	<link>http://www.sfw.com.cn/?cat=9</link>

	<worker>html_re</worker>
	<data>
		<url errors='replace'>http://www.sfw.com.cn/?cat=9</url>
		<block>
			<blockre flags='DOTALL'>
<![CDATA[
<!-- BEGIN MAIN -->(.*?)<!-- END MAIN -->
]]>
			</blockre>
			<itemre flags='DOTALL'>
<![CDATA[
<div\s+id="(?:(?!<div\s+id=).)*?
<h2><a\s+href='([^']+)'\s*
title='([^']+)'(?:(?!<div\s+id=).)*?
<span class="heading-date">(.*?)</span>(?:(?!<div\s+id=).)*?
</span>\s*</span>\s*<p>(.*?)</p>
]]>
			</itemre>
			<maprules>
				<title>2</title>
				<url>1</url>
				<pub_date>3</pub_date>
                <summary>4</summary>
			</maprules>
		</block>
	</data>
</source>