﻿<source>
	<name>ybk168新邮预告</name>
	<comment>ybk168新邮预告</comment>
	<link>http://www.ybk168.com/newslist/00040051.html</link>

	<worker>html_re</worker>
	<data>
		<url>http://www.ybk168.com/newslist/00040051.html</url>
		<block>
			<blockre flags='DOTALL'>
<![CDATA[
<div class="list">(.*?)<div class="page">
]]>
			</blockre>
			<itemre flags='DOTALL'>
<![CDATA[
<li><span.*?href="([^"]+)"
.*?
title="([^"]+)"
.*?
class="list_lr">([^<]+)<
]]>
			</itemre>
			<maprules>
				<title>2</title>
				<url>'http://www.ybk168.com', 1</url>
				<pub_date>3</pub_date>
			</maprules>
		</block>
	</data>
</source>