﻿<source>
	<name>AQ</name>
	<comment>AQ，免费的围棋人机对弈软件</comment>
	<link>https://github.com/ymgaq/AQ/releases</link>

	<worker>html_re</worker>
	<data>
		<url>https://github.com/ymgaq/AQ/releases</url>
		<block>
			<blockre flags='DOTALL'>
<![CDATA[
^(.*)$
]]>
			</blockre>
			<itemre flags='DOTALL'>
<![CDATA[
<h1 class="release-title text-normal">.*?
<a.*?>(.*?)</a>
]]>
			</itemre>
			<maprules>
				<title>'版本: ', 1</title>
                <url>'https://github.com/ymgaq/AQ/releases'</url>
                <suid>1</suid>
			</maprules>
		</block>
    </data>
</source>