﻿<source>
	<name>Leela</name>
	<comment>Leela，免费的围棋人机对弈软件</comment>
	<link>https://sjeng.org/leela.html</link>

	<worker>html_re</worker>
	<data>
		<url>https://sjeng.org/leela.html</url>
		<block>
			<blockre flags='DOTALL'>
<![CDATA[
<h3>Download</h3>
(.*?)
</ul>
]]>
			</blockre>
			<itemre flags='DOTALL'>
<![CDATA[
<ul>\s*
<li><a href="([^"]+)">Leela (.*?)</a>
]]>
			</itemre>
			<maprules>
				<title>'版本: ', 2</title>
                <url>'https://sjeng.org/leela.html'</url>
                <suid>2</suid>
			</maprules>
		</block>
    </data>
</source>