﻿<source>
	<name>棋牌乐</name>
	<comment>CCTV，棋牌乐，围棋</comment>
	<link>http://tv.cctv.com/lm/qpl/videoset/index.shtml</link>

	<worker>html_re</worker>
	<data>
		<url>http://tv.cctv.com/lm/qpl/videoset/index.shtml</url>
		<block>
			<blockre flags='DOTALL'>
<![CDATA[
<span class="mh_title">\s*棋牌乐视频\s*</span>(.{0,14000})
]]>
			</blockre>
			<itemre flags='DOTALL'>
<![CDATA[
<li.*?
<div class="text"><a href="([^"]+)".*?>
(?:\[棋牌乐\]\s*)?(.*?)<
]]>
			</itemre>
			<maprules>
				<title>2</title>
                <url>1</url>
			</maprules>
		</block>
    </data>
	<callback>
<![CDATA[
if '象' in info.title:
    info.temp = 'del'
]]>
	</callback>
</source>