﻿<source>
	<name>围棋TV直播</name>
	<comment>围棋TV，直播动态</comment>
	<link>http://www.weiqitv.com/</link>

	<worker>html_json</worker>
	<data>
		<url encoding='utf-8'>http://www.weiqitv.com/api/matchs</url>
		<re  flags='DOTALL'>
<![CDATA[
(.*)
]]>
		</re>
	
		<block>
			<block_path>'matchvideos'</block_path>
			<title>'subtitle'</title>
			<url>'_id'</url>
            <summary>'title'</summary>
            <pub_date>'publishAt'</pub_date>
            <temp>'price'</temp>
		</block>
	</data>
	
	<callback>
<![CDATA[
info.url = 'http://www.weiqitv.com/video/' + info.url
t = '【免费】' if info.temp == '0' else '【%s】' % info.temp
info.title = t + info.title
info.pub_date = funcs.unixtime(info.pub_date[:-3])
]]>
	</callback>
</source>