﻿<source>
	<name>中国社会科学网-列表，父信息源</name>
	<comment>中国社会科学网-列表</comment>
	<link>http://whis.cssn.cn/sjs/sjs_sjgdzgs/</link>

	<worker>html_re</worker>
	<data>
		<url>http://whis.cssn.cn/sjs/sjs_sjgdzgs/</url>
		<block>
			<blockre flags='DOTALL'>
<![CDATA[
<div class="f-main-left-sire">(.*?)<script language="javascript">
]]>
			</blockre>
			<itemre flags='DOTALL'>
<![CDATA[
<li>.*?
href="([^"]+)">
(.*?)</a>.*?
">([\d: -]+)</span>
]]>
			</itemre>
			<maprules>
				<title>2</title>
				<url urljoin='true'>1</url>
				<pub_date>3</pub_date>
				<suid>1</suid>
			</maprules>
		</block>
	</data>
</source>