﻿<source>
	<name>凤凰历史-列表，父信息源</name>
	<comment>新浪历史-列表</comment>
	<link>http://news.ifeng.com/listpage/4764/1/list.shtml</link>

	<worker>html_re</worker>
	<data>
        <block>
			<blockre flags='DOTALL'>
<![CDATA[
<div class="col_L">(.*?)<div class="next">
]]>
			</blockre>
			<itemre flags='DOTALL'>
<![CDATA[
 <div class="box_list clearfix.*?
<h\d><a href="([^"]+)".*?>(.*?)</a></h\d>.*?
<div class="box_txt clearfix">(.*?)\[详细\].*?
<span>(.*?)</span>
]]>
			</itemre>
			<maprules>
				<title>2</title>
				<url>1</url>
                <summary>3, '...'</summary>
				<pub_date>4</pub_date>
			</maprules>
		</block>
	</data>
</source>