﻿<source>
	<name>新浪历史-列表，父信息源</name>
	<comment>新浪历史-列表</comment>
	<link>http://history.sina.com.cn/news/list/31.shtml</link>

	<worker>html_re</worker>
	<data>
		<url>http://history.sina.com.cn/news/list/31.shtml</url>
		<block>
			<blockre flags='DOTALL'>
<![CDATA[
var data=\[(.*?)\];
]]>
			</blockre>
			<itemre flags='DOTALL'>
<![CDATA[
\{"title":"([^"]+)
","url":"([^"]+)
.*?"time":"([^"]+)
]]>
			</itemre>
			<maprules>
				<title>1</title>
				<url>2</url>
				<pub_date>3</pub_date>
			</maprules>
		</block>
	</data>
</source>