﻿<source>
	<name>中新文史</name>
	<comment>中国新闻网，文史博览。</comment>
	<link>http://channel.chinanews.com/cns/cl/cul-gjqt.shtml</link>

	<worker>html_re</worker>
	<data>
		<url>http://channel.chinanews.com/cns/cl/cul-gjqt.shtml</url>
		<block>
			<blockre flags='DOTALL'>
<![CDATA[
<div class="con2">(.*?)<div id='pagediv'>
]]>
			</blockre>
			<itemre flags='DOTALL'>
<![CDATA[
<td  class="color065590">.*?
<a href='\s*([^']+)\s*'.*?
"_blank">(.*?)</a>.*?
<td width="20%".*?
>(.*?)</td>.*?
<td  colspan="2".*?
>(.*?)</td>
]]>
			</itemre>
			<maprules>
				<title>2</title>
				<url>1</url>
                <pub_date>3</pub_date>
                <summary>4</summary>
			</maprules>
		</block>
	</data>
</source>