﻿<source>
	<name>世界史</name>
	<comment>中国社会科学网，世界史，首页多栏目</comment>
	<link>http://whis.cssn.cn/sjs/</link>

	<worker>html_re</worker>
	<data>
		<url>http://whis.cssn.cn/sjs/</url>
        
        <!--1 头条下列表-->
		<block>
			<blockre flags='DOTALL'>
<![CDATA[
<ul class="ulstyle2">(.*?)</ul>
]]>
			</blockre>
			<itemre flags='DOTALL'>
<![CDATA[
<li><a href="([^"]+)".*?>
(.*?)</a>
]]>
			</itemre>
			<maprules>
				<title>2</title>
				<url urljoin='true'>1</url>
			</maprules>
		</block>
        
        <!--2 更多史学理论与史学史-->
		<block>
			<blockre flags='DOTALL'>
<![CDATA[
>史学理论与史学史</a></div>
(.*?)</ul>
]]>
			</blockre>
			<itemre flags='DOTALL'>
<![CDATA[
<li><a href="([^"]+)".*?>
(.*?)</a>
]]>
			</itemre>
			<maprules>
				<title>2</title>
				<url urljoin='true'>1</url>
			</maprules>
		</block>
        
        <!--3 世界古代中古史-->
		<block>
			<blockre flags='DOTALL'>
<![CDATA[
>世界古代中古史</a></div>
(.*?)</ul>
]]>
			</blockre>
			<itemre flags='DOTALL'>
<![CDATA[
<li><a href="([^"]+)".*?>
(.*?)</a>
]]>
			</itemre>
			<maprules>
				<title>2</title>
				<url urljoin='true'>1</url>
			</maprules>
		</block>
        
        <!--4 世界近代史-->
		<block>
			<blockre flags='DOTALL'>
<![CDATA[
>世界近代史</a></div>
(.*?)</ul>
]]>
			</blockre>
			<itemre flags='DOTALL'>
<![CDATA[
<li><a href="([^"]+)".*?>
(.*?)</a>
]]>
			</itemre>
			<maprules>
				<title>2</title>
				<url urljoin='true'>1</url>
			</maprules>
		</block>
        
        
        <!--5 专门史与整体史-->
		<block>
			<blockre flags='DOTALL'>
<![CDATA[
>专门史与整体史</a></div>
(.*?)</ul>
]]>
			</blockre>
			<itemre flags='DOTALL'>
<![CDATA[
<li><a href="([^"]+)".*?>
(.*?)</a>
]]>
			</itemre>
			<maprules>
				<title>2</title>
				<url urljoin='true'>1</url>
			</maprules>
		</block>
        
	</data>
</source>