﻿<source>
	<name>中国史</name>
	<comment>中国社会科学网，中国史，首页多栏目</comment>
	<link>http://chis.cssn.cn/zgs/</link>

	<worker>html_re</worker>
	<data>
		<url>http://chis.cssn.cn/zgs/</url>
        
        <!--1 动态-->
		<block>
			<blockre flags='DOTALL'>
<![CDATA[
<div class="title"><span class="left">动态</span>(.*?)</ul>
]]>
			</blockre>
			<itemre flags='DOTALL'>
<![CDATA[
<li><a href="([^"]+)".*?>
(.*?)</a>
]]>
			</itemre>
			<maprules>
				<title>'动态｜', 2</title>
				<url urljoin='true'>1</url>
			</maprules>
		</block>
        
        <!--2 评论-->
		<block>
			<blockre flags='DOTALL'>
<![CDATA[
<div class="title"><span class="left">评论</span>(.*?)</ul>
]]>
			</blockre>
			<itemre flags='DOTALL'>
<![CDATA[
<li><a href="([^"]+)".*?>
(.*?)</a>
]]>
			</itemre>
			<maprules>
				<title>'评论｜', 2</title>
				<url urljoin='true'>1</url>
			</maprules>
		</block>
        
        <!--3 中国古代史-->
		<block>
			<blockre flags='DOTALL'>
<![CDATA[
<div class="content2deltitle"><div class="content2deltitleL left"><span>中国古代史</span>
(.*?)</ul>
]]>
			</blockre>
			<itemre flags='DOTALL'>
<![CDATA[
<li><a .*?href="([^"]+)".*?>
(.*?)</a>
]]>
			</itemre>
			<maprules>
				<title>'古代｜', 2</title>
				<url urljoin='true'>1</url>
			</maprules>
		</block>
        
        <!--4 中国近代史-->
		<block>
			<blockre flags='DOTALL'>
<![CDATA[
<div class="content2deltitle"><div class="content2deltitleL left"><span>中国近代史</span>
(.*?)</ul>
]]>
			</blockre>
			<itemre flags='DOTALL'>
<![CDATA[
<li><a .*?href="([^"]+)".*?>
(.*?)</a>
]]>
			</itemre>
			<maprules>
				<title>'近代｜', 2</title>
				<url urljoin='true'>1</url>
			</maprules>
		</block>
        
        
        <!--5 历史地理学-->
		<block>
			<blockre flags='DOTALL'>
<![CDATA[
<div class="content2deltitle"><div class="content2deltitleL left"><span>历史地理学</span>
(.*?)</ul>
]]>
			</blockre>
			<itemre flags='DOTALL'>
<![CDATA[
<li><a .*?href="([^"]+)".*?>
(.*?)</a>
]]>
			</itemre>
			<maprules>
				<title>'地理｜', 2</title>
				<url urljoin='true'>1</url>
			</maprules>
		</block>
        
        <!--6 专门史-->
		<block>
			<blockre flags='DOTALL'>
<![CDATA[
<div class="content2deltitle"><div class="content2deltitleL left"><span>专门史</span>
(.*?)</ul>
]]>
			</blockre>
			<itemre flags='DOTALL'>
<![CDATA[
<li><a .*?href="([^"]+)".*?>
(.*?)</a>
]]>
			</itemre>
			<maprules>
				<title>'专门史｜', 2</title>
				<url urljoin='true'>1</url>
			</maprules>
		</block>
        
	</data>
</source>