﻿<source>
	<name>凤凰首页历史</name>
	<comment>凤凰首页历史栏</comment>
	<link>http://www.ifeng.com/</link>

	<worker>html_re</worker>
	<data>
		<url>http://www.ifeng.com/</url>
		<block>
			<blockre flags='DOTALL'>
<![CDATA[
官方微博.{3,100}知青
(.*?)<ul class="list01">
]]>
			</blockre>
			<itemre flags='DOTALL'>
<![CDATA[
<h3>.*?href="([^"]+)".*?>(.*?)</a>
]]>
			</itemre>
			<maprules>
				<title>2</title>
				<url>1</url>
				<suid>2, 1</suid>
			</maprules>
		</block>
		<block>
			<blockre flags='DOTALL'>
<![CDATA[
官方微博.{3,100}知青.*?<ul class="list01">
(.*?)</ul>
]]>
			</blockre>
			<itemre flags='DOTALL'>
<![CDATA[
<li>.*?href="([^"]+)".*?>(.*?)</a>
]]>
			</itemre>
			<maprules>
				<title>2</title>
				<url>1</url>
				<suid>2, 1</suid>
			</maprules>
		</block>
		<block>
			<blockre flags='DOTALL'>
<![CDATA[
官方微博.{3,100}知青.*?</ul>
(.*?)</ul>
]]>
			</blockre>
			<itemre flags='DOTALL'>
<![CDATA[
href="([^"]+)"(?:(?!href).)*?>([^<]{5,}?)</a>
]]>
			</itemre>
			<maprules>
				<title>2</title>
				<url>1</url>
				<suid>2, 1</suid>
			</maprules>
		</block>
	</data>
</source>