﻿<source>
	<name>凤凰历史图片头条</name>
	<comment>凤凰历史首页的头条图片，5条。</comment>
	<link>http://news.ifeng.com/history/</link>

	<worker>html_re</worker>
	<data>
		<url>http://news.ifeng.com/history/</url>
		<block>
			<blockre flags='DOTALL'>
<![CDATA[
<div class="mtbg01">(.*?)<div class="sysNews02">
]]>
			</blockre>
			<itemre flags='DOTALL'>
<![CDATA[
<a href="([^"]+)".*?>(.*?)</a>.*?
<p>(.*?)</p>
]]>
			</itemre>
			<maprules>
				<title>2</title>
				<url>1</url>
				<summary>3</summary>
			</maprules>
		</block>
	</data>
</source>