<source>
	<name>History.com</name>
	<comment>History.com, news</comment>
	<link>http://www.history.com/news</link>

	<worker>html_re</worker>
	<data>
		<url>http://www.history.com/news</url>
		<block>
			<blockre flags='DOTALL'>
<![CDATA[
<div id="articleInfinite" class="">
(.*?)
<div id="preloader">
]]>
			</blockre>
			<itemre flags='DOTALL'>
<![CDATA[
<div class="day-article article-row.*?
<a href="([^"]+)".*?>
(.*?)</a>.*?
<span class="date">(.*?)</span>.*?
<p class="hidden-phone">(.*?)Read More</a>
]]>
			</itemre>
			<maprules>
				<title>2</title>
				<url>'http://www.history.com', 1</url>
				<summary>4</summary>
				<pub_date>3</pub_date>
				<suid>1</suid>
			</maprules>
		</block>
	</data>
</source>