﻿<source>
	<name>科技讯-历史考古</name>
	<comment>科技讯-历史考古</comment>
	<link>http://www.kejixun.com/kexue/civilization/index.html</link>

	<worker>html_re</worker>
	<data>
		<url>http://www.kejixun.com/kexue/civilization/index.html</url>
		<block>
			<blockre flags='DOTALL'>
<![CDATA[
<div class="pageList">(.*?)<div class="pages">
]]>
			</blockre>
			<itemre flags='DOTALL'>
<![CDATA[
<dl class=.*?
<h2 class="f18"><a href="([^"]+)"\s*target="_blank">(.*?)</a>.*?
<p class="st f12 text">(.*?)<p class="fn st">
<span>(.*?)\s*更新</span>
]]>
			</itemre>
			<maprules>
				<title>2</title>
				<url>1</url>
                <pub_date>4</pub_date>
                <summary>3</summary>
			</maprules>
		</block>
	</data>
</source>