﻿<source>
	<name>新浪博客-人文热点</name>
	<comment>新浪博客-人文热点</comment>
	<link>http://blog.sina.com.cn/lm/lz/#rw</link>

	<worker>html_re</worker>
	<data>
		<url>http://blog.sina.com.cn/lm/lz/#rw</url>
		<block>
			<blockre flags='DOTALL'>
<![CDATA[
data-sudaclick="cul">
(.*?)
<div class="feeds_cont"></div>
]]>
			</blockre>
			<itemre flags='DOTALL'>
<![CDATA[
<li bid=".*?
href="([^"]+)".*?>(.*?)<cite class="feeds_author">.*?
"feeds_time">(.*?)</a>.*?
class="feeds_p clearsub">(.*?)<p class="pmeta01">
]]>
			</itemre>
			<maprules>
				<title>2</title>
				<url>1</url>
				<pub_date>3</pub_date>
				<summary>4</summary>
			</maprules>
		</block>
	</data>
</source>