﻿<source>
	<name>新浪历史图片头条</name>
	<comment>新浪历史首页的头条图片，4条。</comment>
	<link>http://blog.sina.com.cn/lm/history/</link>

	<worker>html_re</worker>
	<data>
		<url>http://blog.sina.com.cn/lm/history/</url>
		<block>
			<blockre flags='DOTALL'>
<![CDATA[
<!-- 滚动图 begin -->
(.*?)
<div class="scroll_num"
]]>
			</blockre>
			<itemre flags='DOTALL'>
<![CDATA[
<div class="box">.*?
<h2><a href="([^"]+)".*?>(.*?)</a>
]]>
			</itemre>
			<maprules>
				<title>2</title>
				<url>1</url>
			</maprules>
		</block>
	</data>
</source>