﻿<source>
	<name>新浪历史-精选</name>
	<comment>新浪历史-精选</comment>
	<link>http://history.sina.com.cn/</link>

	<worker>html_re</worker>
	<data>
		<url>http://history.sina.com.cn/</url>
		<block>
			<blockre flags='DOTALL'>
<![CDATA[
<!-- publish_helper name='精选'(.*?)
<!-- publish_helper_end -->
]]>
			</blockre>
			<itemre flags='DOTALL'>
<![CDATA[
<div class="news-item.*?
<a href="([^"]+)".*?
_blank">(.*?)</a>.*?
<div class="time">(.*?)</div>
]]>
			</itemre>
			<maprules>
				<title>2</title>
				<url>1</url>
				<pub_date>3</pub_date>
			</maprules>
		</block>
	</data>
</source>