<source>
	<name>文博快讯</name>
	<comment>首都博物馆网站，文博快讯。</comment>
	<link>http://www.capitalmuseum.org.cn/zjsb/wbkx.htm</link>

	<worker>html_re</worker>
	<data>
		<url>http://www.capitalmuseum.org.cn/zjsb/wbkx.htm</url>
		<block>
			<blockre flags='DOTALL'>
<![CDATA[
<!--begin 91006-0-9-->
(.*?)
<!--end 91006-0-9-->
]]>
			</blockre>
			<itemre flags='DOTALL'>
<![CDATA[
<table.*?valign="top">
(.*?)<a.*?href="([^"]+)".*?
"_blank">(.*?)</a>
]]>
			</itemre>
			<maprules>
				<title>3</title>
				<url>'http://www.capitalmuseum.org.cn/zjsb/', 2</url>
				<pub_date>1</pub_date>
			</maprules>
		</block>
	</data>
</source>