﻿<source>
	<name>科普博览</name>
	<comment>中国科普博览</comment>
	<link>http://www.kepu.net.cn/gb/index.html</link>

	<worker>html_re</worker>
	<data>
		<url>http://www.kepu.net.cn/gb/index.html</url>
        
        <!--1 左上4图片-->
		<block>
			<blockre flags='DOTALL'>
<![CDATA[
<ul class="imgCon">(.*?)</ul>
]]>
			</blockre>
			<itemre flags='DOTALL'>
<![CDATA[
<li><a href="([^"]+)".*?
<div class="imgTitle"><a href.*?>
(.*?)</a>
]]>
			</itemre>
			<maprules>
				<title>2</title>
				<url urljoin='true'>1</url>
			</maprules>
		</block>
        
        <!--2 右上 推荐-->
		<block>
			<blockre flags='DOTALL'>
<![CDATA[
<!--推荐-->.*?<div style=.*?>
(.*?)<!--推荐第1个图-->
]]>
			</blockre>
			<itemre flags='DOTALL'>
<![CDATA[
<div class=".*?
<a href="([^"]+)".*?>(.*?)</a>
]]>
			</itemre>
			<maprules>
				<title>2</title>
				<url urljoin='true'>1</url>
			</maprules>
		</block>
        
        <!--3 焦点文1-->
		<block>
			<blockre flags='DOTALL'>
<![CDATA[
<!--焦点文 第1个标题-->(.*?)<!--焦点文 第2
]]>
			</blockre>
			<itemre flags='DOTALL'>
<![CDATA[
<div class=".*?
<a href="([^"]+)">(.*?)</a>.*?
<div class=".*?>(.*?)<
]]>
			</itemre>
			<maprules>
				<title>2</title>
				<url urljoin='true'>1</url>
                <summary>3</summary>
			</maprules>
		</block>
        
        <!--4 焦点文23-->
		<block>
			<blockre flags='DOTALL'>
<![CDATA[
<!--焦点文 第2-3个标题-->(.*?)<!--焦点文 第2-3个标题-->
]]>
			</blockre>
			<itemre flags='DOTALL'>
<![CDATA[
<a href="([^"]+)".*?>(.*?)</a>
]]>
			</itemre>
			<maprules>
				<title>2</title>
				<url urljoin='true'>1</url>
			</maprules>
		</block>
        
        
        <!--5 视频-->
		<block>
			<blockre flags='DOTALL'>
<![CDATA[
<!--视频 nr--> (.*?)<!--视频 nr--> 
]]>
			</blockre>
			<itemre flags='DOTALL'>
<![CDATA[
<div class=" padding_top5">\s*
<a href="([^"]+)".*?>(.*?)</a>
]]>
			</itemre>
			<maprules>
				<title>'视频: ', 2</title>
				<url urljoin='true'>1</url>
			</maprules>
		</block>
        
	</data>
</source>