﻿<source>
	<name>天涯栏目，父信息源</name>
	<comment>每个栏目的图片、大标题、列表</comment>
	<link>http://bbs.tianya.cn/</link>

	<worker>html_re</worker>
	<data>
		<!--4个图片链接-->
		<block>
			<blockre flags='DOTALL'>
<![CDATA[
"mod-pic-title"(.*?)</ul>
]]>
			</blockre>
			<itemre flags='DOTALL'>
<![CDATA[
href="([^"]+)".*?blank">(.*?)</a>
]]>
			</itemre>
			<maprules>
				<title>2</title>
				<url>1</url>
			</maprules>
		</block>
		<!--1个大标题-->
		<block>
			<blockre flags='DOTALL'>
<![CDATA[
touban-center(.*?)</h2>
]]>
			</blockre>
			<itemre flags='DOTALL'>
<![CDATA[
href="([^"]+)".*?blank">(.*?)</a>
]]>
			</itemre>
			<maprules>
				<title>2</title>
				<url>1</url>
			</maprules>
		</block>
		<!--8个列表-->
		<block>
			<blockre flags='DOTALL'>
<![CDATA[
<ul class="touban-side" _stat="/stat/bbs/list/置顶">(.*?)</ul>
]]>
			</blockre>
			<itemre flags='DOTALL'>
<![CDATA[
href="([^"]+)".*?blank">(.*?)</a>
]]>
			</itemre>
			<maprules>
				<title>2</title>
				<url>1</url>
			</maprules>
		</block>
	</data>
</source>