﻿<source>
	<name>天涯各版排行</name>
	<comment>各版的24小时排行</comment>
	<link>http://bbs.tianya.cn/</link>
    <max_len>10</max_len>

	<worker>html_re</worker>
    <data>
		<block>
			<blockre flags='DOTALL'>
<![CDATA[
<div id="shang_tab_list">.*?</tbody>\s*<tbody>
(.*?)
</tbody>\s*</table>	
]]>
			</blockre>
			<itemre flags='DOTALL'>
<![CDATA[
<tr.*?
<a href="([^"]+)".*?blank">(.*?)</a>
]]>
			</itemre>
			<maprules>
				<title>2</title>
				<url>'http://bbs.tianya.cn', 1</url>
			</maprules>
		</block>
	</data>
</source>