﻿<source>
	<name>BTV养生堂</name>
	<comment>BTV养生堂</comment>
	<link>http://www.iqiyi.com/a_19rrgubrh1.html</link>

	<worker>html_re</worker>
	<data>
		<url>http://www.iqiyi.com/a_19rrgubrh1.html</url>
		<block>
			<blockre flags='DOTALL'>
<![CDATA[
<!-- 图文选集-->(.*?)</ul> 
]]>
			</blockre>
			<itemre flags='DOTALL'>
<![CDATA[
<li.*?
<h3><a href="([^"]+)".*?>(?:养生堂之)?(.*?)</a>
]]>
			</itemre>
			<maprules>
				<title>2</title>
				<url>1</url>
			</maprules>
		</block>
	</data>
</source>