﻿<source>
	<name>BTV养生堂</name>
	<comment>BTV养生堂</comment>
	<link>http://yst.brtn.cn/</link>

	<worker>html_re</worker>
	<data>
		<url>http://yst.brtn.cn/</url>
		<block>
			<blockre flags='DOTALL'>
<![CDATA[
<div class="month_cont_bb"(.*?)<div class="year_cont"> 
]]>
			</blockre>
			<itemre flags='DOTALL'>
<![CDATA[
<div class="fr">.*?
href="([^"]+)".*?>(.*?)
</a></h4>\s*<p>(.*?)
<br>\s*【播出时间：(.*?)】
]]>
			</itemre>
			<maprules>
				<title>2</title>
				<url>1</url>
				<summary>3</summary>
				<pub_date>4</pub_date>
			</maprules>
		</block>
	</data>
</source>