﻿<source>
	<name>树莓派实验室</name>
	<comment>树莓派实验室</comment>
	<link>http://shumeipai.nxez.com/</link>

	<worker>html_re</worker>
	<data>
		<url>http://shumeipai.nxez.com/</url>
		<block>
			<blockre flags='DOTALL'>
<![CDATA[
</header>(.*?)<nav id="nav-below"
]]>
			</blockre>
			<itemre flags='DOTALL'>
<![CDATA[
<article id=".*?
<h2 class="entry-title"><a href="([^"]+)".*?
rel="bookmark">(.*?)</a>.*?
<time class="entry-date published".*?
">(.*?)</time>.*?
<div class="clearfix entry-content">(.*?)
entry-content --></div>
]]>
			</itemre>
			<maprules>
				<title>2</title>
				<url>1</url>
				<pub_date>3</pub_date>
				<summary>4</summary>
			</maprules>
		</block>
	</data>
</source>