﻿<source>
	<name>百家讲坛预告</name>
	<comment>CCTV，百家讲坛，预告。</comment>
	<link>http://tv.cctv.com/lm/bjjt/index.shtml</link>

	<worker>html_re</worker>
	<data>
		<url>http://tv.cctv.com/lm/bjjt/index.shtml</url>
		<block>
			<blockre flags='DOTALL'>
<![CDATA[
<span class="mh_title">\s*节目预告\s*</span>
(.*?)
</div>\s*</div>
]]>
			</blockre>
			<itemre flags='DOTALL'>
<![CDATA[
<h3><a href="([^"]+)".*?>
(.*?)<
]]>
			</itemre>
			<maprules>
				<title>'🎊', 2</title>
				<url>1</url>
			</maprules>
		</block>
	</data>
</source>