﻿<source>
	<name>cctv9动态</name>
	<comment>cctv9动态</comment>
	<link>http://cctv9.cntv.cn/index.shtml</link>

	<worker>html_re</worker>
	<data>
		<url encoding='gb18030'>http://cctv9.cntv.cn/index.shtml</url>
		<!--  cctv9 动态 -->
		<block>
			<blockre flags='DOTALL'>
<![CDATA[
<h2 class="tit_2">频道动态</h2>
(.*?)<div class="col_2">
]]>
			</blockre>
			<itemre flags='DOTALL'>
<![CDATA[
<li>.*?href="([^"]+)"
.*?
blank">(.*?)</a>
]]>
			</itemre>
			<maprules>
				<title>2</title>
				<url>1</url>
			</maprules>
		</block>
		<!--  cctv9 新播 -->
		<block>
			<blockre flags='DOTALL'>
<![CDATA[
class="sol_line"(.*?class="sol_line"
.*?)class="sol_line"
]]>
			</blockre>
			<itemre flags='DOTALL'>
<![CDATA[
<li>.*?href="([^"]+)"
.*?
blank">(.*?)</a>
]]>
			</itemre>
			<maprules>
				<title>2</title>
				<url>1</url>
			</maprules>
		</block>
	</data>
</source>