﻿<source>
	<name>cctv9频道资讯</name>
	<comment>cctv9频道资讯</comment>
	<link>http://cctv9.cntv.cn/index.shtml</link>

	<worker>html_re</worker>
	<data>
		<url encoding='utf-8'>http://cctv9.cntv.cn/index.shtml</url>
		<!--  cctv9 动态 -->
		<block>
			<blockre flags='DOTALL'>
<![CDATA[
<div class="list">(.*?)</ul>
]]>
			</blockre>
			<itemre flags='DOTALL'>
<![CDATA[
<li.*?href="([^"]+)"
.*?
blank">(.*?)</a>
]]>
			</itemre>
			<maprules>
				<title>2</title>
				<url>1</url>
			</maprules>
		</block>
	</data>
</source>