﻿<source>
	<name>Discovery节目</name>
	<comment>Discovery探索频道的微博。'今日' in s. 须安装regex模块才能使用。</comment>
	<link>http://weibo.cn/discoverychina</link>

	<worker>html_re</worker>
	<data>
		<url>http://weibo.cn/discoverychina</url>

		<block>
			<blockre flags='DOTALL'>
<![CDATA[
^.*?(?:\[<span class="kt">置顶</span>\]|<span class="pms">)
(.*?)
<input type="submit" value="查看更多内容"
]]>
			</blockre>
			<itemre>
<![CDATA[
(?s)
<div class="c" id="([^"]+)">
(?:<div><span class="ctt">|<span class="cmt">转发理由:</span>)
   (.*?)
(?:</span>|<a [^>]+>赞\[\d+\])
.*?<span class="ct">([^& <]+)
]]>
			</itemre>
			<maprules>
				<title>'notitle'</title>
				<summary>2</summary>
				<pub_date>3</pub_date>
				<suid>1</suid>
			</maprules>
		</block>
	</data>
	
    <callback>
<![CDATA[
if '今日' in info.summary or '播出' in info.summary:
    info.summary = info.summary.replace('@BTV青年频道 ', '')
    info.url = 'http://weibo.cn/comment/' + info.suid[2:]
    info.pub_date = ''
    info.title = info.summary[:24] + '…'
else:
    info.temp = 'del'
]]>
    </callback>
</source>