﻿<source>
	<name>cntv纪实资讯</name>
	<comment>cntv纪实资讯</comment>
	<link>http://jishi.cntv.cn/</link>

	<worker>html_re</worker>
	<data>
		<url>http://jishi.cctv.com/index.shtml</url>
		<block>
			<blockre flags='DOTALL'>
<![CDATA[
id="contentELMT1376961696256144"
(.*?)</ul>
]]>
			</blockre>
			<itemre flags='DOTALL'>
<![CDATA[
<li.*?href="([^"]+)"
.*?
blank">(.*?)</a>
]]>
			</itemre>
			<maprules>
				<title>2</title>
				<url>1</url>
			</maprules>
		</block>
	</data>
</source>