﻿<source>
	<name>新视界纪录片</name>
	<comment>纪录片资讯</comment>
	<link>http://www.dvod.com.cn/documentory/news/</link>

	<worker>html_re</worker>
	<data>
		<url>http://www.dvod.com.cn/documentory/news/</url>
		<block>
			<blockre flags='DOTALL'>
<![CDATA[
<div class="txt_list">(.*?)<div class="sider">
]]>
			</blockre>
			<itemre flags='DOTALL'>
<![CDATA[
<li><span>(.*?)</span>.*?
href="([^"]+)".*?>(.*?)</a>
]]>
			</itemre>
			<maprules>
				<title>3</title>
				<url>'http://www.dvod.com.cn', 2</url>
				<pub_date>1</pub_date>
			</maprules>
		</block>
	</data>
</source>