﻿<source>
	<name>CCTV10读书</name>
	<comment>CCTV10，读书</comment>
	<link>http://tv.cctv.com/lm/dushu/</link>

	<worker>html_json</worker>
	<data>
		<url>http://api.cntv.cn/lanmu/videolistByColumnId?id=TOPC1451557523542854&amp;serviceId=tvcctv&amp;type=0&amp;n=30&amp;p=1&amp;t=jsonp&amp;cb=setItemByidELMT75zEYoM5jT6roB9XKSXm160127</url>
		<re  flags='DOTALL'>
<![CDATA[
^.*?\(\{"response":
(.*)
,"responseHeader":.*$
]]>
		</re>
	
		<block>
			<block_path>'docs'</block_path>
			<title>'videoTitle'</title>
			<url>'videoUrl'</url>
			<summary>'videoBrief'</summary>
		</block>
	</data>
    <callback>
<![CDATA[
if  info.title.startswith('《读书》'):
    info.title = info.title[len('《读书》'):]

if info.summary.startswith('本期节目主要内容：'):
    info.summary = info.summary[len('本期节目主要内容：'):]
]]>
    </callback>
</source>