﻿<source>
	<name>凤凰书讯</name>
	<comment>凤凰网读书，书讯</comment>
	<link>http://book.ifeng.com/listpage/97/1/list.shtml</link>

	<worker>html_re</worker>
	<data>
		<url>http://book.ifeng.com/listpage/97/1/list.shtml</url>
		<block>
			<blockre flags='DOTALL'>
<![CDATA[
<div id="l_main" class="main">(.*?)<div class="right"
]]>
			</blockre>
			<itemre flags='DOTALL'>
<![CDATA[
<p class="title">.*?
href="([^"]+)".*?>(.*?)</a>.*?
<p class="info">(.*?)\[<a
]]>
			</itemre>
			<maprules>
				<title>2</title>
				<url>1</url>
                <summary>3</summary>
			</maprules>
		</block>
	</data>
    
</source>