﻿<source>
	<name>新浪书讯</name>
	<comment>新浪图书，书讯。</comment>
	<link>http://book.sina.com.cn/</link>

	<worker>html_json</worker>
	<data>
		<url>http://feed.mix.sina.com.cn/api/roll/get?callback=jsonp1436772833418&amp;pageid=8&amp;lid=156&amp;num=20</url>
		<re  flags='DOTALL'>
<![CDATA[
^try\{\w+\(
(.*)
\);\}catch\(e\)\{\};$
]]>
		</re>
	
		<block>
			<block_path>'result', 'data'</block_path>
			<title>'title'</title>
			<url>'url'</url>
			<summary>'summary'</summary>
			<temp>'intro'</temp>
			<pub_date>'ctime'</pub_date>
		</block>
	</data>
	
	<callback>
<![CDATA[
info.pub_date = funcs.unixtime(info.pub_date)
info.summary = info.summary or info.temp
info.temp = 0
]]>
	</callback>
</source>