﻿<source>
	<name>新浪首页读书</name>
	<comment>新浪新浪中心，读书</comment>
	<link>http://news.sina.com.cn/</link>

	<worker>html_re</worker>
	<data>
		<url>http://news.sina.com.cn/</url>
		<block>
			<blockre flags='DOTALL'>
<![CDATA[
id="blk_booklist_01"(.*?)</div>\s*</div>
]]>
			</blockre>
			<itemre flags='DOTALL'>
<![CDATA[
href="([^"]+)".*?>(.*?)</a>
]]>
			</itemre>
			<maprules>
				<title>2</title>
				<url>1</url>
			</maprules>
		</block>
	</data>
</source>