﻿<source>
	<name>新华悦读</name>
	<comment>新华网，悦读，新书赏</comment>
	<link>http://www.news.cn/book/index.htm</link>

	<worker>html_re</worker>
	<data>
		<url>http://www.news.cn/book/index.htm</url>
		<block>
			<blockre flags='DOTALL'>
<![CDATA[
href="xsslist.htm" target="_blank">查看更多(.{1,7242})
]]>
			</blockre>
			<itemre flags='DOTALL'>
<![CDATA[
<li.*?
<h3><a href="([^"]+)".*?>(.*?)</a>.*?
<p class="summary">(.*?)<div.*?
<span class="time">(.*?)</span>
]]>
			</itemre>
			<maprules>
				<title>2</title>
				<url>1</url>
                <summary>3</summary>
                <pub_date>4</pub_date>
			</maprules>
		</block>
	</data>
    
</source>