﻿<source>
	<name>网易航天</name>
	<comment>网易航天</comment>
	<link>http://news.163.com/air/</link>

	<worker>html_re</worker>
	<data>
		<url>http://news.163.com/special/air_ajax_data_7/</url>
		<block>
			<blockre flags='DOTALL'>
<![CDATA[
(.+)
]]>
			</blockre>
			<itemre flags='DOTALL'>
<![CDATA[
<li.*?<h3.*?
href="([^"]+)".*?
>(.*?)</a>.*?
<p.*?>([^<]+)<.*?
pub-time">\s*(\S+)
]]>
			</itemre>
			<maprules>
				<title>2</title>
				<url>1</url>
				<summary>3</summary>
				<pub_date>4</pub_date>
			</maprules>
		</block>
	</data>
</source>