﻿<source>
	<name>@腾讯太空，父信息源</name>
	<comment>@腾讯太空，父信息源</comment>
	<link>http://space.qq.com/</link>

	<worker>html_re</worker>
	<data>
		<url errors='replace'>http://space.qq.com/sktc.htm</url>
		<block>
			<blockre flags='DOTALL'>
<![CDATA[
<div id="listZone">(?!\()(.*?)<script
]]>
			</blockre>
			<itemre flags='DOTALL'>
<![CDATA[
<div class="Q-tpList">.*?
href="([^"]+)" title="
(.*?)">.*?
<p class="l23">(.*?)</p>.*?
<span class="aTime">([^< ]+)
]]>
			</itemre>
			<maprules>
				<title>2</title>
				<url>1</url>
				<summary>3</summary>
                <pub_date>4</pub_date>
			</maprules>
		</block>
	</data>
</source>