﻿<source>
	<name>爱航天</name>
	<comment>爱航天，首页</comment>
	<link>http://www.aihangtian.com/</link>

	<worker>html_re</worker>
	<data>
		<url errors='replace'>http://www.aihangtian.com/</url>
		<block>
			<blockre flags='DOTALL'>
<![CDATA[
<div class="lmleft">
(.*?)
<div class="lmyou">
]]>
			</blockre>
			<itemre flags='DOTALL'>
<![CDATA[
<a href="([^"]+)".*?>(.*?)</a>
]]>
			</itemre>
			<maprules>
				<title>2</title>
				<url>'http://www.aihangtian.com', 1</url>
			</maprules>
		</block>
	</data>
</source>