﻿<source>
	<name>国家航天局</name>
	<comment>国家航天局，国内、国际</comment>
	<link>http://www.cnsa.gov.cn/n6463984/index.html</link>

	<worker>html_re</worker>
	<data>
		<url errors='replace'>http://www.cnsa.gov.cn/n6463984/index.html</url>
		<block>
			<blockre flags='DOTALL'>
<![CDATA[
>国内航天快讯</td>.*?>更多&gt;&gt;</a>
(.*?)
>国际航天快讯</td>
]]>
			</blockre>
			<itemre flags='DOTALL'>
<![CDATA[
<table.*?
<a target=_blank href="\.\.([^"]+)">·?
(.*?)</a></td>\s*
<td.*?>\s*([\d-]+)\s*</td>
]]>
			</itemre>
			<maprules>
				<title>2</title>
				<url>'http://www.cnsa.gov.cn', 1</url>
                <pub_date>3</pub_date>
                <author>'航天-国内'</author>
			</maprules>
		</block>
        
        <block>
			<blockre flags='DOTALL'>
<![CDATA[
>国际航天快讯</td>.*?>更多&gt;&gt;</a>
(.*?)
>头条</td>
]]>
			</blockre>
			<itemre flags='DOTALL'>
<![CDATA[
<table.*?
<a target=_blank href="\.\.([^"]+)">·?
(.*?)</a></td>\s*
<td.*?>\s*([\d-]+)\s*</td>
]]>
			</itemre>
			<maprules>
				<title>2</title>
				<url>'http://www.cnsa.gov.cn', 1</url>
                <pub_date>3</pub_date>
                <author>'航天-国际'</author>
			</maprules>
		</block>
	</data>
</source>