﻿<source>
	<name>腾讯天文</name>
	<comment>腾讯科学，天文航天</comment>
	<link>http://tech.qq.com/all/twht.htm</link>

	<worker>html_re</worker>
	<data>
		<url errors='replace'>http://tech.qq.com/all/twht.htm</url>
		<block>
			<blockre flags='DOTALL'>
<![CDATA[
<div class="hotnews">(.*?)<script type="text/javascript">
]]>
			</blockre>
			<itemre flags='DOTALL'>
<![CDATA[
<div class="Q-tpList">.*?
<h3 class.*?
href="([^"]+)" title="
(.*?)">.*?
<p class="l23">(.*?)</p>
]]>
			</itemre>
			<maprules>
				<title>2</title>
				<url>1</url>
				<summary>3</summary>
			</maprules>
		</block>
	</data>
</source>