﻿<source>
	<name>天文航天</name>
	<comment>新浪网，科学探索，天文航天</comment>
	<link>http://tech.sina.com.cn/discovery/space/</link>

	<worker>html_json</worker>
	<data>
		<url>http://feed.mix.sina.com.cn/api/roll/get?pageid=208&amp;lid=1796&amp;num=30&amp;versionNumber=1.2.8&amp;page=1&amp;encode=utf-8&amp;callback=feedCardJsonpCallback&amp;_=1505227647819</url>
		<re  flags='DOTALL'>
<![CDATA[
^try\{feedCardJsonpCallback\(
(.*)
\);\}catch\(e\)\{\};$
]]>
		</re>
	
		<block>
			<block_path>'result', 'data'</block_path>
			<title>'title'</title>
			<url>'url'</url>
			<summary>'summary'</summary>
			<temp>'intro'</temp>
			<pub_date>'ctime'</pub_date>
		</block>
	</data>
	
	<callback>
<![CDATA[
info.pub_date = funcs.unixtime(info.pub_date, '%m-%d')
info.summary = info.summary or info.temp
info.temp = 0
]]>
	</callback>
</source>