﻿<source>
	<name>市旅发委</name>
	<comment>北京市旅游发展委员会官网，行业传真栏目。</comment>
	<link>http://renwen.beijing.gov.cn/sy/whkb/</link>

	<worker>html_re</worker>
	<data>
		<url>http://renwen.beijing.gov.cn/sy/whkb/</url>
		<block>
			<blockre flags='DOTALL'>
<![CDATA[
>文化快报<(.*?)<div class="pages">
]]>
			</blockre>
			<itemre flags='DOTALL'>
<![CDATA[
<li.*?
<a.*?href="(?:\./)?([^"]+)".*?title="([^"]+)".*?
<span.*?>(?:\[)?(.*?)(?:\])?</span>
]]>
			</itemre>
			<maprules>
				<title>2</title>
				<url>'http://renwen.beijing.gov.cn/sy/whkb/', 1</url>
				<pub_date>3</pub_date>
				<suid>1</suid>
			</maprules>
		</block>
	</data>
</source>