﻿<source>
	<name>中国国家地理</name>
	<comment>中国国家地理</comment>
	<link>http://www.dili360.com/</link>

	<worker>html_re</worker>
	<data>
		<url>http://www.dili360.com/</url>
		<block>
			<blockre flags='DOTALL'>
<![CDATA[
<div class="community-item" id="community-items" >
(.*?)<!--end-->
]]>
			</blockre>
			<itemre flags='DOTALL'>
<![CDATA[
<li class="img-block".*?
<a target="_blank" href="([^"]+)">.*?
<h4>(.*?)</h4>
]]>
			</itemre>
			<maprules>
				<title>2</title>
				<url>'http://www.dili360.com', 1</url>
			</maprules>
		</block>
		<block>
			<blockre flags='DOTALL'>
<![CDATA[
<div class="community-item" id="community-items" >
(.*?)<!--end-->
]]>
			</blockre>
			<itemre flags='DOTALL'>
<![CDATA[
<dt><a href="([^"]+)" target="_blank">(.*?)</a></dt>
]]>
			</itemre>
			<maprules>
				<title>2</title>
				<url>'http://www.dili360.com', 1</url>
			</maprules>
		</block>
		<block>
			<blockre flags='DOTALL'>
<![CDATA[
<ul class="style-1" id="replace">(.*?)</ul>
]]>
			</blockre>
			<itemre flags='DOTALL'>
<![CDATA[
<div class="detail">.*?
<a href="([^"]+)" target="_blank"><h4>(.*?)</h4>
]]>
			</itemre>
			<maprules>
				<title>2</title>
				<url>'http://www.dili360.com', 1</url>
                <summary>'景观图片'</summary>
			</maprules>
		</block>
	</data>
</source>