﻿<source>
	<name>黄山媒体聚焦</name>
	<comment>黄山-媒体聚焦</comment>
	<link>http://www.chinahuangshan.gov.cn/huangshanbeautyspot/index.htm</link>

	<worker>html_re</worker>
	<data>
		<url>http://www.chinahuangshan.gov.cn/huangshanbeautyspot/xwzx/mtjj/A090205index_1.htm</url>
		<block>
			<blockre flags='DOTALL'>
<![CDATA[
class=menutitle(.*?)height=80 align=middle
]]>
			</blockre>
			<itemre flags='DOTALL'>
<![CDATA[
<A class=gray12.*?
href=(\S+)\s+.*?>
(.*?)\[([\s\d-]+)\]</A>
]]>
			</itemre>
			<maprules>
				<title>2</title>
				<url>1</url>
				<pub_date>3</pub_date>
			</maprules>
		</block>
	</data>
</source>