﻿<source>
	<name>乐途北京</name>
	<comment>乐途网，周边游（北京）。</comment>
	<link>http://www.lotour.com/zhoubianyou/</link>

	<worker>html_re</worker>
	<data>
		<url>http://www.lotour.com/zhoubianyou/</url>
		<block>
			<blockre flags='DOTALL'>
<![CDATA[
</script>\s*(?=<div class="flowItem">)(.*?)<div class="loading"
]]>
			</blockre>
			<itemre flags='DOTALL'>
<![CDATA[
(?(DEFINE)(?P<nb>(?:(?!=<div class="flowItem">).)*?))
<div class="shareLy">(?&nb)
<div class="flowTxt">(?&nb)
<a title="" href="([^"]+)".*?>(.*?)</a>
]]>
			</itemre>
			<maprules>
				<title>3</title>
				<url>2</url>
			</maprules>
		</block>
	</data>
</source>