﻿<source>
	<name>乐途首页</name>
	<comment>乐途网，首页，启发区。</comment>
	<link>http://www.lotour.com/</link>

	<worker>html_re</worker>
	<data>
		<url>http://www.lotour.com/</url>
		<block>
			<blockre flags='DOTALL'>
<![CDATA[
<!--=S 启发区 -->(.*?)<!--=E 启发区 -->
]]>
			</blockre>
			<itemre flags='DOTALL'>
<![CDATA[
<li.*?
<h\d>(.*?)</h\d>.*?
<a href="([^"]+)"
]]>
			</itemre>
			<maprules>
				<title>1</title>
				<url>2</url>
			</maprules>
		</block>
	</data>
</source>