﻿<source>
	<name>国家地理图片</name>
	<comment>国家地理，每日图片。</comment>
	<link>http://photography.nationalgeographic.com/photography/photo-of-the-day/</link>

	<worker>html_re</worker>
	<data>
		<url>http://photography.nationalgeographic.com/photography/photo-of-the-day/</url>
		<block>
			<blockre flags='DOTALL'>
<![CDATA[
<div id="caption">(.*?)<!-- .article_text-->
]]>
			</blockre>
			<itemre flags='DOTALL'>
<![CDATA[
<p class="publication_time">(.*?)</p>\s*
<h2>(.*?)</h2>.*?
</p>(.*?)$
]]>
			</itemre>
			<maprules>
				<title>2</title>
				<url>'http://photography.nationalgeographic.com/photography/photo-of-the-day/'</url>
                <summary>3</summary>
				<pub_date>1</pub_date>
                <suid>1</suid>
			</maprules>
		</block>
	</data>
</source>