﻿<source>
	<name>Steam价格，父信息源</name>
	<comment>检测Steam上的游戏是否启用了VAC</comment>
	<link>http://store.steampowered.com/</link>

	<worker>html_re</worker>
	<data>
		<block>
			<blockre flags='DOTALL'>
<![CDATA[
<meta itemprop="price" content="([^"]+)">
]]>
			</blockre>
			<itemre flags='DOTALL'>
<![CDATA[
^(.*)$
]]>
			</itemre>
			<maprules>
				<title>1</title>
                <suid>'a'</suid>
			</maprules>
		</block>
	</data>
    <callback>
<![CDATA[
info.title = '当前售价：' + info.title
]]>
    </callback>
</source>
