﻿<source>
	<name>启用VAC？父信息源</name>
	<comment>检测Steam上的游戏是否启用了VAC</comment>
	<link>http://store.steampowered.com/</link>

	<worker>html_re</worker>
	<data>
		<block>
			<blockre flags='DOTALL'>
<![CDATA[
id="category_block">(.*?)<table  class="game_language_options"
]]>
			</blockre>
			<itemre flags='DOTALL'>
<![CDATA[
(.+)
]]>
			</itemre>
			<maprules>
				<title>'未启用VAC'</title>
                <summary>1</summary>
			</maprules>
		</block>
	</data>
</source>
