﻿<source>
	<name>蒸汽动力-免费</name>
	<comment>蒸汽动力首页的“热门主题”栏。按以下关键字过滤标题：免费、限免、领取、赠送</comment>
	<link>http://steamcn.com/forum.php</link>

	<worker>html_re</worker>
	<data>
		<url errors='ignore'>http://steamcn.com/forum.php</url>
		<block>
			<blockre flags='DOTALL'>
<![CDATA[
热门主题</SPAN>(.*?)精华主题</span>
]]>
			</blockre>
			<itemre flags='DOTALL'>
<![CDATA[
<li>(?:(?!<li>).)*?
</em><a href="(.*?)"(?:(?!<li>).)*?
作者:(?:(?!<li>).)*?\(([\d-]*)\)(?:(?!<li>).)*?
target="_blank">(.*?)</a>
]]>
			</itemre>
			<maprules>
				<title>3</title>
				<url>'http://steamcn.com/', 1</url>
				<pub_date>2</pub_date>
			</maprules>
		</block>
	</data>
    <callback>
<![CDATA[
if posi < 4:
    pass
elif '免费' in info.title or '限免' in info.title or '领取' in info.title or '赠送' in info.title:
    pass
else:
    info.temp = 'del'
]]>
    </callback>
</source>