﻿<source>
	<name>steam资讯</name>
	<comment>游民星空，steam资讯</comment>
	<link>http://www.gamersky.com/steam/news/</link>

	<worker>html_re</worker>
	<data>
		<url>http://www.gamersky.com/steam/news/</url>
		<block>
			<blockre flags='DOTALL'>
<![CDATA[
>steam新闻资讯专题</div>.*?
<ul
(.*?)</ul>
]]>
			</blockre>
			<itemre flags='DOTALL'>
<![CDATA[
<li>(?:(?!<li>).)*?<div class="con">(?:(?!<li>).)*?
<a href="([^"]+)"[^<>]*?title="([^"]+)"
(?:(?!<li>).)*?
<div class="txt">(.*?)</div>(?:(?!<li>).)*?
<div class="time">(\d{4}-\d{1,2}-\d{1,2})<
]]>
			</itemre>
			<maprules>
				<title>2</title>
				<url>1</url>
				<pub_date>4</pub_date>
                <summary>3</summary>
			</maprules>
		</block>
	</data>
    <callback>
<![CDATA[
if '免费' in info.title or '限免' in info.title or '领取' in info.title or '赠送' in info.title:
    info.title = '🎈' + info.title
elif '上线' in info.title:
    info.temp = 'del'
]]>
    </callback>
</source>