﻿<source>
	<name>Python版本</name>
	<comment>Python版本发布</comment>
	<link>https://www.python.org/downloads/</link>

	<worker>html_re</worker>
	<data>
		<url>https://www.python.org/downloads/</url>
		<block>
			<blockre flags='DOTALL'>
<![CDATA[
class="list-row-container menu"
(.*?)</ol>
]]>
			</blockre>
			<itemre flags='DOTALL'>
<![CDATA[
<li>.*?href="([^"]+)">
(.*?)</a>.*?
"release-date">(.*?)</span>
]]>
			</itemre>
			<maprules>
				<title>2</title>
				<url>'https://www.python.org', 1</url>
				<pub_date>3</pub_date>
			</maprules>
		</block>
	</data>
</source>