﻿<source>
	<name>全营养网</name>
	<comment>全营养网，首页</comment>
	<link>http://www.quanyy.com/</link>

	<worker>html_re</worker>
	<data>
		<url>http://www.quanyy.com/</url>
        
		<block>
			<blockre flags='DOTALL'>
<![CDATA[
<div class="ind_hot">(.*?)<!--HotNews end-->
]]>
			</blockre>
			<itemre flags='DOTALL'>
<![CDATA[
<div class="tit_01"><a href="(?:\./)?([^"]+)".*?>
([^<]+)</a></div>
(.*?)<a
]]>
			</itemre>
			<maprules>
				<title>2</title>
				<url>'http://www.quanyy.com/', 1</url>
                <summary>3</summary>
				<suid>1</suid>
			</maprules>
		</block>
        
		<block>
			<blockre flags='DOTALL'>
<![CDATA[
<!--HotNews end-->(.*?)</ul>
]]>
			</blockre>
			<itemre flags='DOTALL'>
<![CDATA[
href="(?:\./)?([^"]+)".*?>([^<]+)</a>
]]>
			</itemre>
			<maprules>
				<title>2</title>
				<url>'http://www.quanyy.com/', 1</url>
				<suid>1</suid>
			</maprules>
		</block>
	</data>
</source>