﻿<source>
	<name>新浪首页健康</name>
	<comment>新浪首页健康</comment>
	<link>http://news.sina.com.cn/</link>

	<worker>html_re</worker>
	<data>
		<url errors='replace'>http://news.sina.com.cn/</url>
		<block>
			<blockre flags='DOTALL'>
<![CDATA[
id="blk_jkxw_02"(.*?)</ul>
]]>
			</blockre>
			<itemre flags='DOTALL'>
<![CDATA[
href="([^"]+)".*?>([^<]{4,})</a>
]]>
			</itemre>
			<maprules>
				<title>2</title>
				<url>1</url>
			</maprules>
		</block>
	</data>
</source>