﻿<source>
	<name>凤凰粗体</name>
	<comment>凤凰网首页，粗体新闻</comment>
	<link>http://www.ifeng.com/</link>

	<worker>html_re</worker>
	<data>
		<url>http://www.ifeng.com/</url>
		<block>
			<blockre flags='DOTALL'>
<![CDATA[
<div id="headLineDefault">.*?<ul class="FNewMTopLis">
(.*?)
<div class="FNewLisRtab"
]]>
			</blockre>
			<itemre flags='DOTALL'>
<![CDATA[
(?si-f)
<li class=['"]bold['"]>\s*
<a href=['"]([^'"]+)['"](?>.*?>)(?!贵州习酒)(.*?)</a>
]]>
			</itemre>
			<maprules>
				<title>2</title>
				<url>1</url>
			</maprules>
		</block>
	</data>
</source>