﻿<source>
	<name>新浪观察</name>
	<comment>新浪新闻首页，两条</comment>
	<link>http://news.sina.com.cn/</link>

	<worker>html_re</worker>
	<data>
		<url errors='replace'>http://news.sina.com.cn/</url>
		<block>
			<blockre flags='DOTALL'>
<![CDATA[
<!-- 虚线结束 -->\s*
<ul class="list_14" data-sudaclick="blk_news_4">
(.*?)
</ul>
]]>
			</blockre>
			<itemre flags='DOTALL'>
<![CDATA[
<li><a target="_blank" href="([^"]+)".*?>(.*?)</a>
]]>
			</itemre>
			<maprules>
				<title>2</title>
				<url>1</url>
			</maprules>
		</block>
	</data>
</source>