﻿<source>
	<name>锦绣江山年票</name>
	<comment>锦绣江山，新闻公告</comment>
	<link>http://www.365-china.cn/</link>

	<worker>html_re</worker>
	<data>
		<url>http://www.365-china.cn/</url>
		<block>
			<blockre flags='DOTALL'>
<![CDATA[
<strong>新 闻 公 告</strong>
(.*?)
</table>
]]>
			</blockre>
			<itemre flags='DOTALL'>
<![CDATA[
<tr>.*?
href="([^"]+)">\s*(.*?)\s*</a>
]]>
			</itemre>
			<maprules>
				<title>2</title>
				<url>'http://www.365-china.cn/', 1</url>
				<suid>1</suid>
			</maprules>
		</block>
	</data>
</source>