﻿<source>
	<name>八大处</name>
	<comment>八大处首页，公告&amp;新闻</comment>
	<link>http://www.badachu.com.cn/garden/Index.asp</link>

	<worker>html_re</worker>
	<data>
		<url>http://www.badachu.com.cn/garden/Index.asp</url>
		<block>
			<blockre flags='DOTALL'>
<![CDATA[
"table11"(.*?)</table>
]]>
			</blockre>
			<itemre flags='DOTALL'>
<![CDATA[
<tr>.*?
href='([^']+)'.*?
blank'>(.*?)</a>.*?
\((.*?)\).*?</tr>
]]>
			</itemre>
			<maprules>
				<title>2</title>
				<url>'http://www.badachu.com.cn/garden/', 1</url>
				<pub_date>3</pub_date>
			</maprules>
		</block>
	</data>
</source>