﻿<source>
	<name>北海动态</name>
	<comment>北海官网</comment>
	<link>http://www.beihaipark.com.cn/</link>

	<worker>html_re</worker>
	<data>
		<url>http://www.beihaipark.com.cn/News.aspx?nid=mtjs</url>
		<block>
			<blockre flags='DOTALL'>
<![CDATA[
<ul class="new_list">(.*?)</ul>
]]>
			</blockre>
			<itemre flags='DOTALL'>
<![CDATA[
<li><span>(.*?)</span>.*?
href="([^"]+)">
(.*?)</a>
]]>
			</itemre>
			<maprules>
				<title>3</title>
				<url>'http://www.beihaipark.com.cn/', 2</url>
				<pub_date>1</pub_date>
			</maprules>
		</block>
	</data>
</source>