﻿<source>
	<name>北京动物园</name>
	<comment>北京动物园官网，动物园新闻&amp;园内工作</comment>
	<link>http://www.bjzoo.com/default.html</link>

	<worker>html_re</worker>
	<data>
		<url>http://www.bjzoo.com/content/index.aspx?column=%2525E6%252596%2525B0%2525E9%252597%2525BB%2525E5%252588%252597%2525E8%2525A1%2525A8</url>
		<block>
			<blockre flags='DOTALL'>
<![CDATA[
^(.*)$
]]>
			</blockre>
			<itemre flags='DOTALL'>
<![CDATA[
<li><a href="([^"]+)">(.*?)</a>
]]>
			</itemre>
			<maprules>
				<title>2</title>
				<url>'http://www.bjzoo.com', 1</url>
                <suid>1</suid>
			</maprules>
		</block>
	</data>
</source>