﻿<source>
	<name>大观园</name>
	<comment>大观园官网</comment>
	<link>http://www.bjdgy.com/</link>

	<worker>html_re</worker>
	<data>
		<url>http://www.bjdgy.com/</url>
		<block>
			<blockre flags='DOTALL'>
<![CDATA[
"border:1px solid #CCCCCC; "
(.*?)
<object classid
]]>
			</blockre>
			<itemre flags='DOTALL'>
<![CDATA[
<a\s+[^>]*?href=
("|')((?:(?!\1).)+)\1.*?>(.*?)</a>
]]>
			</itemre>
			<maprules>
				<title>3</title>
				<url>'http://www.bjdgy.com/', 2</url>
			</maprules>
		</block>
	</data>
</source>