﻿<source>
	<name>莲花池资讯</name>
	<comment>莲花池官网</comment>
	<link>http://lhcgy.yllhj.gov.cn/sub/windex.jsp</link>

	<worker>html_re</worker>
	<data>
		<url>http://lhcgy.yllhj.gov.cn/sub/newsMore.action?subjectid=10405</url>
		<block>
			<blockre flags='DOTALL'>
<![CDATA[
id="ec_table"(.*?)</table>
]]>
			</blockre>
			<itemre flags='DOTALL'>
<![CDATA[
<tr.*?href="([^"]+)">
(.*?)</a>.*?
width="100" >(.*?)</td>
]]>
			</itemre>
			<maprules>
				<title>2</title>
				<url>'http://lhcgy.yllhj.gov.cn', 1</url>
				<pub_date>3</pub_date>
			</maprules>
		</block>
	</data>
</source>