﻿<source>
	<name>香山新闻</name>
	<comment>香山官网</comment>
	<link>http://www.xiangshanpark.com/cn/</link>

	<worker>html_re</worker>
	<data>
		<url>http://www.xiangshanpark.com/cn/tabs/page/showchild.aspx?tabid=700010</url>
		<block>
			<blockre flags='DOTALL'>
<![CDATA[
ctl00_phContent_Repeater1
(.*?)
<div class="rigbtop2">香山新闻</div>
]]>
			</blockre>
			<itemre flags='DOTALL'>
<![CDATA[
<tr>.*?<table
.*?
<a href="([^"]+)".*?>
(.*?)
</a>.*?align="center">
(.*?)</td>.*?
</table>.*?</tr>
]]>
			</itemre>
			<maprules>
				<title>2</title>
				<url>'http://www.xiangshanpark.com', 1</url>
				<pub_date>3</pub_date>
			</maprules>
		</block>
	</data>
</source>