﻿<source>
	<name>颐和园</name>
	<comment>颐和园官网-首页，最新动态</comment>
	<link>http://www.summerpalace-china.com/index.html</link>

	<worker>html_re</worker>
	<data>
		<url>http://www.summerpalace-china.com/channels/14.html</url>
		<block>
			<blockre flags='DOTALL'>
<![CDATA[
<div class="table_content"
(.*)
<div class="page">
]]>
			</blockre>
			<itemre flags='DOTALL'>
<![CDATA[
<td.*?
>([\d-]+)</span>.*?
<a href="([^"]+)".*?>
(.*?)</a>
]]>
			</itemre>
			<maprules>
				<title>3</title>
				<url>'http://www.summerpalace-china.com', 2</url>
                <pub_date>1</pub_date>
				<suid>2</suid>
			</maprules>
		</block>
	</data>
 
</source>