﻿<source>
	<name>园博园资讯</name>
	<comment>园博园官网</comment>
	<link>http://www.gardenexpo-park.com/cms/dtzx/ybxw/</link>

	<worker>html_re</worker>
	<data>
		<url>http://www.gardenexpo-park.com/cms/dtzx/ybxw/</url>
		<block>
			<blockre flags='DOTALL'>
<![CDATA[
<div class="boxcontent">(.*?)<div class="paging_bar">
]]>
			</blockre>
			<itemre flags='DOTALL'>
<![CDATA[
<li.*?
<span class='right listentry-date'>([\d-]+)<.*?
href='http://.*?/([^']+)'.*?
title='([^']+)'
]]>
			</itemre>
			<maprules>
				<title>3</title>
				<url>'http://www.gardenexpo-park.com/', 2</url>
				<pub_date>1</pub_date>
			</maprules>
		</block>
	</data>
</source>