﻿<source>
	<name>玉渊潭</name>
	<comment>玉渊潭官网-最新消息</comment>
	<link>http://www.yytpark.com/</link>

	<worker>html_re</worker>
	<data>
		<url>http://www.yytpark.com/news/54.html</url>
		<block>
			<blockre flags='DOTALL'>
<![CDATA[
<ul class="n-list">
(.*?)
</ul>
]]>
			</blockre>
			<itemre flags='DOTALL'>
<![CDATA[
<li>.*?
href="([^"]+)">(.*?)</a>.*?
<div class="note">(.*?)<div class="info">.*?
>([\d-]+)</span>
]]>
			</itemre>
			<maprules>
				<title>2</title>
				<url>'http://www.yytpark.com', 1</url>
				<pub_date>4</pub_date>
                <summary>3</summary>
			</maprules>
		</block>
	</data>
</source>