﻿<source>
	<name>植物园</name>
	<comment>植物园官网-最新消息</comment>
	<link>http://www.beijingbg.com/show.php?catid=133</link>

	<worker>html_re</worker>
	<data>
		<url>http://www.beijingbg.com/show.php?catid=133</url>
		<block>
			<blockre flags='DOTALL'>
<![CDATA[
<div class="xxlist">(.*?)<div class="multipage">
]]>
			</blockre>
			<itemre flags='DOTALL'>
<![CDATA[
<li.*?href="([^"]+)".*?>
(.*?)</a>.*?
span>\[(.*?)\]</span>
]]>
			</itemre>
			<maprules>
				<title>2</title>
				<url>'http://www.beijingbg.com/', 1</url>
				<pub_date>3</pub_date>
			</maprules>
		</block>
	</data>
</source>