﻿<source>
	<name>紫竹院</name>
	<comment>紫竹院官网，公告通知&amp;公园信息</comment>
	<link>http://www.zizhuyuangongyuan.com/</link>

	<worker>html_re</worker>
	<data>
		<url>http://www.zizhuyuangongyuan.com/</url>
		<block>
			<blockre flags='DOTALL'>
<![CDATA[
<!--公告通知，8条-->(.*?)<div class="aa3">
]]>
			</blockre>
			<itemre flags='DOTALL'>
<![CDATA[
<span class="aa22">.*?
<a href="([^"]+)">(.*?)</a>.*?
class="aa23">(.*?)</span>
]]>
			</itemre>
			<maprules>
				<title>2</title>
				<url>'http://www.zizhuyuangongyuan.com/', 1</url>
				<pub_date>3</pub_date>
                <suid>1</suid>
			</maprules>
		</block>
	</data>
</source>