﻿<source>
	<name>北京空气质量</name>
	<comment>北京环境监测的微博。for regex</comment>
	<link>http://weibo.cn/u/2516831703</link>
    <max_db>20</max_db>

	<worker>html_re</worker>
	<data>
		<url>http://weibo.cn/u/2516831703</url>
        
		<block>
			<blockre flags='DOTALL'>
<![CDATA[
^.*?<span class="pms">
(?:.*?\[<span class="kt">置顶</span>.*?<span class="ct">)?
(.*?)
<input type="submit" value="查看更多内容"
]]>
			</blockre>
			<itemre>
<![CDATA[
(?s)

<div class="c" id="([^"]+)">
<div><span class="
(?|
   ctt"()()>(.*?)</span>
   |
   cmt">.*?
   <span class="ctt">(.*?)</span>.*?
   <span class(=)"cmt">(转发理由:</span>.*?)<a [^>]+>(?:查看图片|赞\[)
)
]]>
			</itemre>
			<maprules>
				<summary>4, 3, 2</summary>
				<suid>1</suid>
			</maprules>
		</block>
	</data>
	
    <callback>
<![CDATA[
#p = r'(?!转发)(?:，|有|利|染|散|预|转|改|变|质|较|前|影响|我市)'

p = r'''(?x)
^
(?:
    转发理由:(?:(?!有|利|染|散|预|转|改|变|质|较|前|影响|我市).)*
    |
    【\d+时.*?】(?:.{1,6}?：\d+[^；。\d，,]*?(?:；|。)){3,}(?:https?://t.cn/\w+)?
)
$
'''
if not funcs.research(p, info.summary):
    info.url = 'http://weibo.cn/comment/' + info.suid[2:]
    info.summary = funcs.resub(r'^转发理由:转发微博=', r'转发微博=', info.summary)
    info.summary = funcs.resub(r'https?://t.cn/\w+$', '', info.summary)
    info.title = info.summary[:24] + '…'
else:
    info.temp = 'del'
]]>
    </callback>
</source>