﻿<source>
	<name>天涯热帖</name>
	<comment>天涯首页，热帖榜。过滤掉“娱乐八卦”和“汽车时代”版块的帖子。</comment>
	<link>http://bbs.tianya.cn/</link>

	<worker>html_re</worker>
	<data>
		<url encoding='utf-8'>http://bbs.tianya.cn/</url>
		<block>
			<blockre flags='DOTALL'>
<![CDATA[
tystat="热帖榜"(.*?)<ul class="bbs-list">
]]>
			</blockre>
			<itemre flags='DOTALL'>
<![CDATA[
<li>.*?
<a.*?>(.*?)</a>.*?
href="([^"]+)".*?
blank">(.*?)</a>
]]>
			</itemre>
			<maprules>
				<title>3</title>
				<url>'http://bbs.tianya.cn', 2</url>
				<author>'天涯-', 1</author>
			</maprules>
		</block>
	</data>
    <callback>
<![CDATA[
if info.author.endswith('娱乐八卦') or info.author.endswith('汽车时代'):
    info.temp = 'del'
]]>
    </callback>
</source>