﻿<source>
	<name>每天一小时</name>
	<comment>每天一小时纪录片，最新纪录片。</comment>
	<link>http://www.onehourlife.com/</link>

	<worker>html_re</worker>
	<data>
		<url>http://www.onehourlife.com/</url>
		<block>
			<blockre flags='DOTALL'>
<![CDATA[
<strong>最新纪录片
(.*?)<ul><li class="prev-page">
]]>
			</blockre>
			<itemre flags='DOTALL'>
<![CDATA[
<header><a[^>]+>(.*?)</a>.*?
<h2><a.*?href="([^"]+)".*?>(.*?)</a>.*?
<p class="note">(.*?)</p><p
]]>
			</itemre>
			<maprules>
				<title>3</title>
				<url>2</url>
				<summary>'[', 1, ']', 4</summary>
			</maprules>
		</block>
	</data>
</source>