﻿<source>
	<name>CCTV今日纪录片</name>
	<comment>CCTV今日看点，cctv10 22:00档</comment>
	<link>http://soushi.tv.cntv.cn/jrkd/</link>

	<worker>html_re</worker>
	<data>
		<url>http://soushi.tv.cntv.cn/jrkd/</url>
		<block>
			<blockre flags='DOTALL'>
<![CDATA[
<span class="mh_title">\s*今日看点
(.*?)
<div class="col_w308"
]]>
			</blockre>
			<itemre flags='DOTALL'>
<![CDATA[
<td width="110">CCTV-10\s*科教</td>\s*
<td width="65">22:00</td>.*?
<a href="([^"]+)".*?>(.*?)</a>
]]>
			</itemre>
			<maprules>
				<title>2</title>
				<url>1</url>
			</maprules>
		</block>
	</data>
</source>