﻿<source>
	<name>cctv9频道动态</name>
	<comment>cctv9频道动态</comment>
	<link>http://tv.cctv.com/cctv9/</link>

	<worker>html_re</worker>
	<data>
		<url>http://tv.cctv.com/cctv9/</url>

		<!--  cctv9 频道动态 头条  -->
		<block>
			<blockre flags='DOTALL'>
<![CDATA[
"mh_title">频道动态(.*?)<div class="clear">
]]>
			</blockre>
			<itemre flags='DOTALL'>
<![CDATA[
<h3><a href="([^"]+)".*?
blank">(.*?)</a>.*?
<script.*?>.*?"([^"]*)"
]]>
			</itemre>
			<maprules>
				<title>2</title>
				<url>1</url>
                <summary>3</summary>
			</maprules>
		</block>

		<!--  cctv9 频道动态 列表  -->
		<block>
			<blockre flags='DOTALL'>
<![CDATA[
"mh_title">频道动态(.*?)</ul>\s*</div>
]]>
			</blockre>
			<itemre flags='DOTALL'>
<![CDATA[
<li.*?href="([^"]+)"
.*?
blank">(.*?)</a>
]]>
			</itemre>
			<maprules>
				<title>2</title>
				<url>1</url>
			</maprules>
		</block>
	</data>
</source>