﻿<source>
	<name>Discovery频道</name>
	<comment>Discovery頻道官方網站</comment>
	<link>http://www.discoverychannel.com.tw/</link>

	<worker>html_re</worker>
	<data>
		<url>http://www.discoverychannel.com.tw/</url>

		<block>
			<blockre flags='DOTALL'>
<![CDATA[
<h2>熱門強檔</h2>(.*?)<div class="image parbase">
]]>
			</blockre>
			<itemre flags='DOTALL'>
<![CDATA[
<section>.*?
<a href="([^"]+)".*?
<h3>(.*?)</h3>.*?
<p>(.*?)</p>
]]>
			</itemre>
			<maprules>
				<title>2</title>
				<url>'https://www.discoverychannel.com.tw', 1</url>
                <summary>3</summary>
			</maprules>
		</block>
	</data>
</source>