﻿<source>
	<name>Discovery节目</name>
	<comment>Discovery探索频道的微博。'今日' in s. for regex</comment>
	<link>http://weibo.cn/discoverychina</link>

	<worker>html_re</worker>
	<data>
		<url>http://weibo.cn/discoverychina</url>

		<block>
			<blockre flags='DOTALL'>
<![CDATA[
^.*?<span class="pms">
(?:.*?\[<span class="kt">置顶</span>.*?<span class="ct">)?
(.*?)
<input type="submit" value="查看更多内容"
]]>
			</blockre>
			<itemre>
<![CDATA[
(?s)

<div class="c" id="([^"]+)">
<div><span class="
(?|
   ctt">(.*?)</span>
   |
   cmt">.*?
   <span class="cmt">(转发理由:</span>.*?)<a [^>]+>(?:查看图片|赞\[)
)
]]>
			</itemre>
			<maprules>
				<summary>2</summary>
				<suid>1</suid>
			</maprules>
		</block>
	</data>
	
    <callback>
<![CDATA[
if funcs.research(r'(?:今日|播出)', info.summary):
    info.summary = funcs.resub(r'\s*(:@\S+\s+|#今日探索#\s*)', r'', info.summary)
    info.url = 'http://weibo.cn/comment/' + info.suid[2:]
    info.title = info.summary[:24] + '…'
else:
    info.temp = 'del'
]]>
    </callback>
</source>