﻿<source>
	<name>中国纪录片网</name>
	<comment>中国纪录片网，产业聚焦</comment>
	<link>http://www.docuchina.cn/news/index.shtml</link>

	<worker>html_re</worker>
	<data>
		<url>http://www.docuchina.cn/news/index.shtml</url>
		<block>
			<blockre flags='DOTALL'>
<![CDATA[
<span class="mh_title">\s*产业聚焦\s*</span>
.*?<div class="title_list_box"(.*?)</div>\s*<div
]]>
			</blockre>
			<itemre flags='DOTALL'>
<![CDATA[
<li.*?href="([^"]+)"
.*?
blank">(.*?)</a>
]]>
			</itemre>
			<maprules>
				<title>2</title>
				<url>1</url>
			</maprules>
		</block>
	</data>
</source>