﻿<source>
	<name>探索预告</name>
	<comment>《探索》，上海广播电视台纪实频道</comment>
	<link>http://www.docuchina.tv/brand.aspx?CateID=25&amp;ParentId=6</link>

	<worker>html_re</worker>
	<data>
		<url>http://www.docuchina.tv/brand.aspx?CateID=25&amp;ParentId=6</url>
		<block>
			<blockre flags='DOTALL'>
<![CDATA[
>探索</a></h3>.*?
<h3.*?>(.*?)</h3>
]]>
			</blockre>
			<itemre flags='DOTALL'>
<![CDATA[
<a href="([^"]+)"
]]>
			</itemre>
			<maprules>
				<url>'http://www.docuchina.tv/', 1</url>
                <temp>'del'</temp>
			</maprules>
		</block>
        
        <block>
			<blockre flags='DOTALL'>
<![CDATA[
>探索</a></h3>.*?</a></h3>
(.*?)</div>\s*<div
]]>
			</blockre>
			<itemre flags='DOTALL'>
<![CDATA[
<strong>(.*?)</strong>(.*?)(?=<strong>|$)
]]>
			</itemre>
			<maprules>
                <title>1</title>
				<summary>2</summary>
			</maprules>
		</block>
	</data>
    
    <callback>
<![CDATA[
if posi == 0:
    url = info.url
else:
    info.url = url
    info.title = funcs.resub(r'[\x01-\x1f]', r'', info.title)
    info.suid = info.title
]]>
    </callback>
</source>