﻿<source father='huanyu'>
	<name>寰宇地理预告</name>
	<comment>《寰宇地理》，上海广播电视台纪实频道</comment>
	<link>http://www.docuchina.tv/brand.aspx?CateID=25&amp;ParentId=6</link>

	<worker>html_re</worker>
	<data>
		<block>
			<blockre flags='DOTALL'>
<![CDATA[
>寰宇地理</a></h3>.*?
<h3.*?>(.*?)</h3>
]]>
			</blockre>
			<itemre flags='DOTALL'>
<![CDATA[
<a href="([^"]+)"
]]>
			</itemre>
			<maprules>
				<url>'http://www.docuchina.tv/', 1</url>
                <temp>'del'</temp>
			</maprules>
		</block>
        
        <block>
			<blockre flags='DOTALL'>
<![CDATA[
>寰宇地理</a></h3>.*?</a></h3>
(.*?)</div>\s*<div
]]>
			</blockre>
			<itemre flags='DOTALL'>
<![CDATA[
(?r)<strong>(.*?)</strong>(.*?)(?=<strong>|$)
]]>
			</itemre>
			<maprules>
                <title>1</title>
				<summary>2</summary>
			</maprules>
		</block>
	</data>
</source>