﻿<source>
	<name>寰宇视野</name>
	<comment>每日节目。《寰宇视野》CCTV-9推出的一个纪录片放映时段，主要播放海外引进纪录片，汇聚全球顶尖的纪录片精品，带领观众踏上寰宇之旅。</comment>
	<link>http://jishi.cntv.cn/special/CCTV9/hysy/index.shtml</link>

	<worker>html_re</worker>
	<data>
		<url>http://jishi.cntv.cn/special/CCTV9/hysy/index.shtml</url>
		<block>
			<blockre flags='DOTALL'>
<![CDATA[
<div class="main_box">
(.*?)
<div class="page">
]]>
			</blockre>
			<itemre flags='DOTALL'>
<![CDATA[
<li.*?
<h3><a href="([^"]+)".*?>(.*?)</a></h3>
]]>
			</itemre>
			<maprules>
				<title>2</title>
				<url>'http://tv.cntv.cn', 1</url>
			</maprules>
		</block>
	</data>
</source>