﻿<source>
	<name>爱奇艺纪录片</name>
	<comment>爱奇艺，纪录片，图片头条。</comment>
	<link>http://www.iqiyi.com/jilupian/</link>

	<worker>html_re</worker>
	<data>
		<url>http://www.iqiyi.com/jilupian/</url>
		<block>
			<blockre flags='DOTALL'>
<![CDATA[
<ul id="txtlist"(.*?)</ul>
]]>
			</blockre>
			<itemre flags='DOTALL'>
<![CDATA[
<li.*?
subNavClickHandler\('(.*?)'.*?
title="([^"]*)"
]]>
			</itemre>
			<maprules>
				<title>2</title>
				<url>'http:', 1</url>
			</maprules>
		</block>
        
        		<block>
			<blockre flags='DOTALL'>
<![CDATA[
<ul class="list">(.*?)</ul>
]]>
			</blockre>
			<itemre flags='DOTALL'>
<![CDATA[
<li.*?
"props.switchVideo\('(.*?)'.*?
<p class="item-title" title="([^"]*)">.*?
<p class="item-title-bot" title="([^"]*)">.*?
]]>
			</itemre>
			<maprules>
				<title>2</title>
				<url>'http://www.iqiyi.com/jilupian/'</url>
                <summary>3</summary>
                <suid>1</suid>
			</maprules>
		</block>
	</data>
</source>