﻿<source>
	<name>cntv纪实动态</name>
	<comment>cntv纪实动态</comment>
	<link>http://jishi.cctv.com/doc/news/</link>
    <max_len>30</max_len>

	<worker>html_re</worker>
	<data>
		<url>http://jishi.cctv.com/doc/news/</url>
		<block>
			<blockre flags='DOTALL'>
<![CDATA[
<ul id="contentELMT1404179483900812">
(.*?)</ul>
]]>
			</blockre>
			<itemre flags='DOTALL'>
<![CDATA[
<li.*?href="([^"]+)"
.*?
blank">(.*?)</a>
]]>
			</itemre>
			<maprules>
				<title>2</title>
				<url>1</url>
			</maprules>
		</block>
	</data>
</source>