﻿<source>
	<name>纪录你我-最新</name>
	<comment>纪录你我网站，最新纪录片</comment>
	<link>http://www.jiluniwo.cn/</link>

	<worker>html_re</worker>
	<data>
		<url>http://www.jiluniwo.cn/</url>
		<block>
			<blockre flags='DOTALL'>
<![CDATA[
<div id="new_art" class="com_cont">(.*?)</ul>
]]>
			</blockre>
			<itemre flags='DOTALL'>
<![CDATA[
<li>\s*<a href="([^"]+)"\s*title="([^"]+)"
]]>
			</itemre>
			<maprules>
				<title>2</title>
				<url>1</url>
			</maprules>
		</block>
	</data>
</source>