﻿<source>
	<name>纪录片天地</name>
	<comment>纪录片天地，最近更新。</comment>
	<link>http://www.jlpcn.net/top.html</link>

	<worker>html_re</worker>
	<data>
		<url>http://www.jlpcn.net/top.html</url>
		<block>
			<blockre flags='DOTALL'>
<![CDATA[
<ul class="UL1">(.{0,10000})
]]>
			</blockre>
			<itemre flags='DOTALL'>
<![CDATA[
<li.*?
<a href="([^"]+)".*?
title="([^"]+)".*?
<span class="s2">(.*?)</span>.*?
<div class="t3">(.*?)</div>
]]>
			</itemre>
			<maprules>
				<title>2</title>
				<url>'http://www.jlpcn.net', 1</url>
                <summary>3</summary>
                <temp>4</temp>
                <suid>1</suid>
			</maprules>
		</block>
        
		<block>
			<blockre flags='DOTALL'>
<![CDATA[
<ul class="UL2">(.{0,10000})
]]>
			</blockre>
			<itemre flags='DOTALL'>
<![CDATA[
<li.*?
<a href="([^"]+)".*?
title="([^"]+)".*?
<span class="s2">(.*?)</span>.*?
<div class="t3">(.*?)</div>
]]>
			</itemre>
			<maprules>
				<title>2</title>
				<url>'http://www.jlpcn.net', 1</url>
                <summary>3</summary>
                <temp>4</temp>
                <suid>1</suid>
			</maprules>
		</block>
        
		<block>
			<blockre flags='DOTALL'>
<![CDATA[
<ul class="UL3">(.{0,10000})
]]>
			</blockre>
			<itemre flags='DOTALL'>
<![CDATA[
<li.*?
<a href="([^"]+)".*?
title="([^"]+)".*?
<span class="s2">(.*?)</span>.*?
<div class="t3">(.*?)</div>
]]>
			</itemre>
			<maprules>
				<title>2</title>
				<url>'http://www.jlpcn.net', 1</url>
                <summary>3</summary>
                <temp>4</temp>
                <suid>1</suid>
			</maprules>
		</block>
        
		<block>
			<blockre flags='DOTALL'>
<![CDATA[
<ul class="UL4">(.{0,10000})
]]>
			</blockre>
			<itemre flags='DOTALL'>
<![CDATA[
<li.*?
<a href="([^"]+)".*?
title="([^"]+)".*?
<span class="s2">(.*?)</span>.*?
<div class="t3">(.*?)</div>
]]>
			</itemre>
			<maprules>
				<title>2</title>
				<url>'http://www.jlpcn.net', 1</url>
                <summary>3</summary>
                <temp>4</temp>
                <suid>1</suid>
			</maprules>
		</block>
	</data>

    <callback>
<![CDATA[
info.title = '【' + info.temp + '】' + info.title
info.temp = 0
]]>
    </callback>
</source>