﻿<source>
	<name>腾讯纪录片</name>
	<comment>腾讯纪录片，头条</comment>
	<link>http://v.qq.com/doco/</link>

	<worker>html_re</worker>
	<data>
		<url>http://v.qq.com/doco/</url>
		<block>
			<blockre flags='DOTALL'>
<![CDATA[
<div class="slider_nav">(.*?)<div class="slider_mask">
]]>
			</blockre>
			<itemre flags='DOTALL'>
<![CDATA[
<a .*?href="([^"]+)"
.*?>
(.*?)<
]]>
			</itemre>
			<maprules>
				<title>2</title>
				<url>1</url>
			</maprules>
		</block>
	</data>
</source>