﻿<source>
	<name>探索发现</name>
	<comment>每日节目。探索·发现是中国电视史上一个大型人文历史与自然地理类的纪录片栏目，讲述以中国为主的历史、地理、文化的故事，探寻自然界的神奇奥秘，挖掘历史事件背后鲜为人知的细节和人物命运。</comment>
	<link>http://tv.cntv.cn/videoset/C14092/page/1</link>

	<worker>html_re</worker>
	<data>
		<url>http://tv.cntv.cn/videoset/C14092/page/1</url>
		<block>
			<blockre flags='DOTALL'>
<![CDATA[
<div class="main_box">
(.*?)
<div class="page">
]]>
			</blockre>
			<itemre flags='DOTALL'>
<![CDATA[
<li.*?
<h3><a href="([^"]+)".*?>(.*?)</a></h3>
]]>
			</itemre>
			<maprules>
				<title>2</title>
				<url>'http://tv.cntv.cn', 1</url>
			</maprules>
		</block>
	</data>
</source>