﻿<source>
	<name>新视界预告</name>
	<comment>新视界纪录片，良友推送。</comment>
	<link>http://www.1926cn.com/index.php?m=content&amp;c=index&amp;a=lists&amp;catid=72</link>

	<worker>html_re</worker>
	<data>
		<url>http://www.1926cn.com/index.php?m=content&amp;c=index&amp;a=lists&amp;catid=72</url>
		<block>
			<blockre flags='DOTALL'>
<![CDATA[
<ul class="con_ul">(.*?)</ul>
]]>
			</blockre>
			<itemre flags='DOTALL'>
<![CDATA[
<li>.*?
<div class="con_title"><a href="([^"]+)"\s*>
(?:\d+年\d+月\d+日)?(?:电视纪录片看点\s*)?(.*?)</a>.*?
<div class="con_time">(.*?)</div>.*?
<div class="con_message">(.*?)</li>
]]>
			</itemre>
			<maprules>
				<title>2</title>
				<url>1</url>
				<pub_date>3</pub_date>
                <summary>4</summary>
			</maprules>
		</block>
	</data>
</source>