﻿<source>
	<name>园博园</name>
	<comment>北京园博园官网，新闻资讯。</comment>
	<link>http://www.gardenexpo-park.com/xwzx/jqyw/12.html</link>

	<worker>html_json</worker>
	<data>
		<url>http://www.gardenexpo-park.com/xwzx/jqyw/12.html</url>

		<re flags='DOTALL'>
<![CDATA[
var data = (.*?)var NUM_PER_PAGE=16;
]]>
		</re>
		
		<replace>
			<re flags='DOTALL'>
<![CDATA[
^(.*\}),\s*\];\s*$
]]>
			</re>
			<repl>
<![CDATA[
\1]
]]>
			</repl>
		</replace>
	
		<block>
			<block_path></block_path>
			<title>'title'</title>
			<url urljoin='true'>'url'</url>
			<pub_date>'pubdate'</pub_date>
		</block>
	</data>

</source>