﻿<source>
	<name>国展</name>
	<comment>中国国际展览中心</comment>
	<link>http://www.ciec-expo.com/ciecnew/index.html</link>

	<worker>html_re</worker>
	<data>
		<url>http://www.ciec-expo.com/servlet/CIEC.DT.BusinessProcess.LO_EXHI_process?servleturl=%2Fww%2Fexhi_new_new.jsp&amp;StartRow=0&amp;RowPerPage=20&amp;where=+and+dbegin%3E%3Dcurrent+date+and+ideleted%3D0+and+icenterid+in+%281%2C1763%29++and+itype%3E%3D4+order+by+dbegin+&amp;totalrow=&amp;lang=1&amp;totalrow=&amp;deps=01&amp;act_type=select</url>
		<block>
			<blockre flags='DOTALL'>
<![CDATA[
<table(.*?)</table>
]]>
			</blockre>
			<itemre flags='DOTALL'>
<![CDATA[
<tr>.*?
href="([^"]+)".*?>
(.*?)</a>
]]>
			</itemre>
			<maprules>
				<title>2</title>
				<url>'http://www.ciec-expo.com', 1</url>
			</maprules>
		</block>
	</data>
</source>