﻿<source>
	<name>农展馆</name>
	<comment>全国农业展览馆</comment>
	<link>http://www.ciae.com.cn/channels/251.html</link>

	<worker>html_re</worker>
	<data>
		<url>http://www.ciae.com.cn/channels/251.html</url>
		<block>
			<blockre flags='DOTALL'>
<![CDATA[
<div id="zljh">(.*?)<table cellpadding
]]>
			</blockre>
			<itemre flags='DOTALL'>
<![CDATA[
<table width="550".*?
<a href="([^"]+)".*?>
(.*?)</a>.*?
<td width="140" height="14">(.*?)</td>.*?
<td width="150" height="14">(.*?)</td>
]]>
			</itemre>
			<maprules>
				<title>2</title>
				<url>1</url>
                <summary>3, '  ', 4</summary>
			</maprules>
		</block>
	</data>
</source>